{
    "F1-Scores": {
        "F1_GBC": 0.997,
        "F1_LGB": 0.614,
        "F1_SVM": 0.997,
        "F1_XGB": 0.997
    },
    "Inference_times": {
        "it_GBC": 5.03125,
        "it_LGB": 16.21875,
        "it_SVM": 61.265625,
        "it_XGB": 1.703125
    },
    "Train_times": {
        "tt_GBC": 6436.265625,
        "tt_LGB": 281.5,
        "tt_SVM": 163.015625,
        "tt_XGB": 286.078125
    }
}